best_k,n_rows,n_classes,n_features,noise_level
27,1648,5,6,85931.23348441765
49,8609,4,9,90872.782998027
40,6043,3,5,120583.6553746954
45,7363,4,4,83364.66874223409
44,6850,5,5,99810.84108448998
1,172,5,3,73013.78001645046
36,7225,3,7,141241.99397892944
18,9418,4,8,100695.14671846584
30,6962,5,4,138651.88964635122
35,8122,4,4,132980.517682399
